restaurant_id,yelp_id,name,rating,review_count,quality_score,price,price_level,price_was_missing,phone,has_phone,categories,main_category,category_count,transactions,has_delivery,has_pickup,has_reservation,latitude,longitude,address,city,state,zip_code,country
1,K3ukx2e11xTRtYBU01dmrA,Salty Flame,4.3,262,4.3,$$,2,True,(305) 563-8972,True,"Asian Fusion, Steakhouses, Cocktail Bars",Asian Fusion,3,"delivery, pickup",True,True,False,25.76022,-80.19267,"1414 Brickell Ave, Miami, FL 33131",Miami,FL,33131,US
2,UXHxLN3DcDGI57uDIfCuJA,Old's Havana Cuban Bar & Cocina,4.4,3205,4.4,$$,2,False,(786) 518-2196,True,"Cuban, Bars, Venues & Event Spaces",Cuban,3,"pickup, restaurant_reservation",False,True,True,25.765607074496565,-80.21921771559332,"1442 SW 8th St, Miami, FL 33135",Miami,FL,33135,US
3,ix8ifP1jQM9ektdVAs19sQ,Crazy About You,4.2,2887,4.2,$$$,3,False,(305) 377-4442,True,"Mediterranean, Italian, Spanish",Mediterranean,3,delivery,True,False,False,25.762015277335745,-80.1889859201474,"1155 Brickell Bay Dr, Ste 101, Miami, FL 33131",Miami,FL,33131,US
4,ldcAFVFJ1J26n6QiaKPcbA,La Traila Barbecue,4.3,42,4.3,$$,2,True,(786) 655-0802,True,Barbeque,Barbeque,1,Sin dato,False,False,False,25.704948,-80.288191,"5840 SW 71st St, Miami, FL 33143",Miami,FL,33143,US
5,O4gh_gZPp1zW9QtC1aMHWw,House of Food Porn,4.8,178,4.62,$$,2,True,(305) 788-0137,True,"Sushi Bars, Asian Fusion, Wine Bars",Sushi Bars,3,Sin dato,False,False,False,25.8326319884545,-80.200107379434,"197 NW 62nd St, Miami, FL 33150",Miami,FL,33150,US
6,UcVXMO5tiz6wygxbqwr_BQ,The Mexican,4.9,9,4.35,$$,2,True,Sin dato,False,Mexican,Mexican,1,Sin dato,False,False,False,25.766492523532936,-80.18577380223114,"601 Brickell Key Dr, Ste 100, Miami, FL 33131",Miami,FL,33131,US
7,_tiVacKyfWZjOljFenLwVQ,Giselle Miami,4.6,502,4.55,$$,2,True,(305) 358-9848,True,"Mediterranean, Lounges, Asian Fusion",Mediterranean,3,Sin dato,False,False,False,25.78496366,-80.19341399,"15 NE 11th St, Miami, FL 33132",Miami,FL,33132,US
8,WqIBKxRUPXH3NqTViAHLxQ,Bayshore Club Bar & Grill,4.3,1044,4.3,$$$,3,False,(305) 209-1200,True,"Seafood, American, Wine Bars",Seafood,3,Sin dato,False,False,False,25.72877375829567,-80.2341624,"3391 Pan American Dr, Miami, FL 33133",Miami,FL,33133,US
9,eVhl0Yu1ZRWRD2D1OQGsYg,Capriccio,4.5,172,4.43,$$,2,True,(786) 936-5470,True,"Italian, Pizza, Steakhouses",Italian,3,restaurant_reservation,False,False,True,25.781633128697905,-80.28766177465242,"5600 Blue Lagoon Dr, Ste 9, Miami, FL 33126",Miami,FL,33126,US
10,qnCsyyEK01rRdrZgqqSfPA,TastiGo Kitchen,4.6,45,4.4,$,1,True,(305) 530-8315,True,"Chinese, Noodles",Chinese,2,Sin dato,False,False,False,25.740948283984565,-80.23815125226974,"2770 SW 27th Ave, Miami, FL 33133",Miami,FL,33133,US
11,wbxKj8E3ucAvky6DuoQZ8g,Chef Allen's Farm to Table,4.6,14,4.34,$$$,3,False,Sin dato,False,"Vegetarian, Food Stands",Vegetarian,2,Sin dato,False,False,False,25.7869967159839,-80.1891533285379,"263 NE 13th St, Miami, FL 33132",Miami,FL,33132,US
12,rf9zxndiD2k4hXwBAtQMrQ,KPOT Korean BBQ & Hot Pot,4.4,24,4.32,$$$$,4,True,(786) 636-8137,True,"Korean, Barbeque, Hot Pot",Korean,3,"delivery, pickup",True,True,False,25.77196,-80.32905,"8255 W Flagler St, Miami, FL 33144",Miami,FL,33144,US
13,hZm7TunlrksQbgS0ssXbUg,Versailles,4.0,7023,4.0,$$,2,False,(305) 444-0240,True,"Cuban, Coffee & Tea, Sandwiches",Cuban,3,"delivery, pickup",True,True,False,25.765389817507295,-80.25287416592283,"3555 SW 8th St, Miami, FL 33135",Miami,FL,33135,US
14,QQnw1bFxLyamuxn4giIy9g,Sufrat Mediterranean Grill,4.5,154,4.42,$$,2,False,(305) 798-7278,True,"Mediterranean, Greek, Lebanese",Mediterranean,3,"delivery, pickup",True,True,False,25.82001,-80.335628,"8455 NW 53rd St, Suite 106, Miami, FL 33166",Miami,FL,33166,US
15,4GKmQ1rynV5RUSiaHHenWQ,First Watch,4.0,515,4.05,$$,2,False,(786) 605-5050,True,"Breakfast & Brunch, Cafes, American",Breakfast & Brunch,3,Sin dato,False,False,False,25.77831,-80.29053,"5799 NW 7th St, Miami, FL 33125",Miami,FL,33125,US
16,oiFJpaLxJYO0WzSEhYWmJg,China Spot Miami,5.0,1,4.31,$,1,True,(786) 570-8743,True,Chinese,Chinese,1,Sin dato,False,False,False,25.79501109,-80.19422326,"1900 NE Miami Ct, Miami, FL 33132",Miami,FL,33132,US
17,scZfLg-ujWMEOUmFM_Qalg,Don Maguey Mexican Restaurant,4.7,309,4.6,$$,2,False,(786) 558-5650,True,Mexican,Mexican,1,pickup,False,True,False,25.7717682877048,-80.27253760250089,"4747 W Flagler St, Miami, FL 33134",Miami,FL,33134,US
18,nwY3CmIH75cN85cWBSaOAw,Apocalypse BBQ,4.4,1161,4.39,$$,2,False,Sin dato,False,"Food Trucks, Barbeque, Empanadas",Food Trucks,3,Sin dato,False,False,False,25.68797,-80.3936,"8695 SW 124th Ave, Miami, FL 33183",Miami,FL,33183,US
19,JnWk31PtaDGD3JfO9eyVkw,Impressions,4.6,12,4.34,$$,2,True,(305) 261-3800,True,Cafes,Cafes,1,Sin dato,False,False,False,25.7783409549632,-80.3094483911991,"711 NW 72nd Ave, Miami, FL 33126",Miami,FL,33126,US
20,H2MNMjMwpBjkBMCc-Qo8zg,Pierogi One,4.5,72,4.39,$$,2,False,(305) 333-9201,True,"Polish, Modern European",Polish,2,Sin dato,False,False,False,25.783782984924677,-80.18993477450881,"990 Biscayne Blvd, Miami, FL 33132",Miami,FL,33132,US
21,zUgXGynAq6_VptoNO50IhA,Sparrow Italia,4.4,198,4.37,$$$,3,False,(786) 322-5998,True,Italian,Italian,1,Sin dato,False,False,False,25.80089918437128,-80.20045189999999,"255 NW 25th St, Fl 1, Miami, FL 33127",Miami,FL,33127,US
22,LvBZDGRQMbZsddjnkMIGxg,Jass Kitchen,4.6,224,4.51,$$,2,True,(305) 603-8748,True,"Wine Bars, Turkish, Music Venues",Wine Bars,3,"delivery, pickup",True,True,False,25.81768,-80.1918,"190 NE 46th St, Miami, FL 33137",Miami,FL,33137,US
23,7SMed4wdXYwkaP287AKO7w,Cactus Club Cafe,4.4,80,4.35,$$,2,True,(754) 289-4981,True,"New American, Lounges, Cocktail Bars",New American,3,Sin dato,False,False,False,25.772287754385825,-80.18678452019599,"150-201 S Biscayne Blvd, Miami, FL 33131",Miami,FL,33131,US
24,akNp_x88QaQLoIJiuz36gw,Sauced ‘N Loadded,5.0,2,4.32,$$,2,True,(917) 217-7485,True,"American, Food Trucks",American,2,"delivery, pickup",True,True,False,25.7994082,-80.2536571,"3525 NW 25th St, Miami, FL 33142",Miami,FL,33142,US
25,SyVrRDKTGgVGNSNAbngxfw,Glass & Vine,4.1,1713,4.11,$$,2,False,(305) 200-5268,True,"New American, Breakfast & Brunch",New American,2,"delivery, pickup",True,True,False,25.72667400000003,-80.24114929999999,"2820 McFarlane Rd, Miami, FL 33133",Miami,FL,33133,US
26,1eto1cFYJ2dNZfIsa6BMZQ,To Be Determined,3.9,45,4.18,$$,2,True,Sin dato,False,Mexican,Mexican,1,Sin dato,False,False,False,25.74932,-80.24653,"2240 SW 32nd Ave, Miami, FL 33145",Miami,FL,33145,US
27,Kh3YwPBPkuykk-WTl-7vlQ,107 Taste,4.6,257,4.52,$$,2,False,(786) 409-6951,True,"Japanese, Asian Fusion, Noodles",Japanese,3,Sin dato,False,False,False,25.75302,-80.26201,"357 Alcazar Ave, Miami, FL 33134",Miami,FL,33134,US
28,rkfps2EBXywsxWwACpHVeQ,Gordon Ramsay Hell's Kitchen,4.0,635,4.04,$$$,3,False,(786) 688-0082,True,"New American, Steakhouses, Cocktail Bars",New American,3,"delivery, pickup",True,True,False,25.770932364168953,-80.18731559999999,"333 Biscayne Blvd Way, Miami, FL 33131",Miami,FL,33131,US
29,gmDna9f57vWTlSrdrEuVEg,Sanguich,4.5,1494,4.49,$$,2,False,(305) 539-0969,True,"Cuban, Sandwiches",Cuban,2,delivery,True,False,False,25.76578005893393,-80.2285558,"2057 SW 8th St, Miami, FL 33135",Miami,FL,33135,US
30,MfkZSdJ0w4-SOLJiEyHU5A,Kyu,4.4,2112,4.4,$$$,3,False,(786) 577-0150,True,Asian Fusion,Asian Fusion,1,"delivery, pickup",True,True,False,25.80089,-80.20017,"251 NW 25th St, Miami, FL 33127",Miami,FL,33127,US
31,Gv5X1-qLTGZbwoz829-Xxg,Corona Beach House,4.1,904,4.12,$$,2,False,(305) 869-1427,True,"American, Sports Bars, Salad",American,3,Sin dato,False,False,False,25.79127077869221,-80.27358559755169,"2100 NW 42nd Ave, South Terminal, Gate J-11, Fl 2, Miami, FL 33126",Miami,FL,33126,US
32,Blv0tBolGOlOINW6v1Sp-Q,Levant,4.5,154,4.42,$$,2,True,(786) 762-2905,True,"Middle Eastern, Mediterranean, Arabic",Middle Eastern,3,"delivery, pickup",True,True,False,25.749015,-80.25830500000001,"2415 Ponce De Leon, Miami, FL 33134",Miami,FL,33134,US
33,mKpixD_BK7TfcdS_gyFRtw,Tailwinds Restaurant & Bar,5.0,1,4.31,$$,2,True,(305) 446-9000,True,"Chicken Wings, American, Cocktail Bars",Chicken Wings,3,Sin dato,False,False,False,25.78135,-80.26493,"950 NW LeJeune Rd, Miami, FL 33126",Miami,FL,33126,US
34,z1UW-zeI50bMEtGKFtrjmA,Grails Miami - Restaurant & Sports Bar,4.4,777,4.39,$$,2,False,(786) 870-4313,True,"Sports Bars, New American, Lounges",Sports Bars,3,"delivery, pickup",True,True,False,25.803184,-80.195219,"2800 N Miami Ave, Miami, FL 33127",Miami,FL,33127,US
35,EVGPTVYEU65_tvMEBRPIYg,Good Chef Restaurant,4.7,772,4.65,$$,2,False,(786) 763-2008,True,"Asian Fusion, Bubble Tea, Ramen",Asian Fusion,3,"delivery, pickup",True,True,False,25.767682,-80.368058,"113 S W 107th Ave, Miami, FL 33174",Miami,FL,33174,US
36,BvbTEtC1XGQ_QTJB5MQP8w,Moshi Moshi,4.0,650,4.04,$$,2,False,(844) 466-6744,True,"Sushi Bars, Ramen, Izakaya",Sushi Bars,3,"delivery, pickup",True,True,False,25.76106479853152,-80.2003642,"1700 SW 3rd Ave, Miami, FL 33129",Miami,FL,33129,US
37,LPVv4wk9gwGlIEdfZJRaHQ,Jrk!,4.5,130,4.42,$$,2,False,(305) 290-4684,True,Caribbean,Caribbean,1,Sin dato,False,False,False,25.775205782261285,-80.19496699999999,"95 NW 1st St, Miami, FL 33128",Miami,FL,33128,US
38,V3btCvWa1flTBYt2YKea_g,Bombay Darbar,4.5,1715,4.49,$$,2,False,(305) 444-7272,True,Indian,Indian,1,"delivery, pickup",True,True,False,25.72935,-80.240789,"2901 Florida Ave, Miami, FL 33133",Miami,FL,33133,US
39,0EVWp_KyFdWC9VxJ7Sku1Q,COTE Miami,4.5,1013,4.48,$$$$,4,False,(305) 434-4668,True,"Korean, Steakhouses",Korean,2,Sin dato,False,False,False,25.812905772091284,-80.19149139999999,"3900 NE 2nd Ave, Miami Design District, Miami, FL 33137",Miami,FL,33137,US
40,bphcfZUfxkGUV4l87BCIDg,Cove Restaurant,3.1,16,4.14,$$,2,True,(305) 262-1000,True,"Hotels, Restaurants",Hotels,2,Sin dato,False,False,False,25.78190324847401,-80.2784943,"5101 Blue Lagoon Dr, Miami, FL 33126",Miami,FL,33126,US
41,CbEQK2S7axhORTDX0id5FQ,La Carreta Restaurant,3.8,747,3.86,$$,2,False,(305) 869-3003,True,Cuban,Cuban,1,Sin dato,False,False,False,25.794802728315297,-80.2791273791667,"2100 NW 42nd Ave, Concourse D-37, Concourse D-37, Miami, FL 33125",Miami,FL,33125,US
42,NtBdy9oTCc_wqGXionh2IA,Namaste Miami,4.5,224,4.44,$$,2,False,(786) 534-2161,True,Indian,Indian,1,"delivery, pickup",True,True,False,25.754562,-80.259166,"221 Navarre Ave Coral Gables, Miami, FL 33134",Miami,FL,33134,US
43,VowIZqzv0qfy-qElp0mu8A,La Terraza,4.8,4,4.32,$$,2,True,(786) 578-2220,True,"Venues & Event Spaces, Cuban, Music Venues",Venues & Event Spaces,3,Sin dato,False,False,False,25.76544454342344,-80.21913947504257,"1440 SW 8th St, Miami, FL 33135",Miami,FL,33135,US
44,Obt7Njta79-1CNtNwhNXiw,Bunbury,4.6,975,4.57,$$$,3,False,(305) 333-6929,True,"Argentine, Steakhouses, Cocktail Bars",Argentine,3,"delivery, pickup, restaurant_reservation",True,True,True,25.788458,-80.193363,"55 NE 14th St, Miami, FL 33132",Miami,FL,33132,US
45,QAPNSxiFhcNSdmjM0dD8Tw,Lung Yai Thai Tapas,4.0,1812,4.02,$$,2,False,(786) 334-6262,True,"Tapas/Small Plates, Thai",Tapas/Small Plates,2,"delivery, pickup",True,True,False,25.76595,-80.22329,"1731 SW 8th St, Miami, FL 33135",Miami,FL,33135,US
46,Dzk_O70dBXoKcIQQeaOqyw,Amor di Pasta,4.3,422,4.3,$$,2,False,(786) 615-2019,True,Italian,Italian,1,"delivery, pickup",True,True,False,25.776908,-80.288655,"536 NW 57th Ave, Miami, FL 33126",Miami,FL,33126,US
47,Q9Xq-w4DhTeGA_csODsMCA,Loretta & The Butcher,4.4,332,4.38,$$,2,False,(786) 618-9982,True,"Argentine, Breakfast & Brunch, Butcher",Argentine,3,"delivery, pickup",True,True,False,25.727754,-80.24458,"3195 Commodore Plz, Miami, FL 33133",Miami,FL,33133,US
48,iilZWFBmVXh0b9DkYzbERQ,Koko,4.3,328,4.3,$$,2,True,Sin dato,False,"Bars, Mexican",Bars,2,Sin dato,False,False,False,25.73015,-80.23905,"2856 Tigertail Ave, Miami, FL 33133",Miami,FL,33133,US
49,fV6YXmRerkHKARygmuaM6A,Mofongo,4.1,729,4.12,$$,2,False,(786) 542-1645,True,Puerto Rican,Puerto Rican,1,"delivery, pickup",True,True,False,25.765540310028335,-80.22201134856796,"1672 SW 8th St, Miami, FL 33135",Miami,FL,33135,US
50,qU4KOnvEyuDKTcRCgofKWw,AVA MediterrAegean Coconut Grove,3.9,80,4.13,$$,2,True,(786) 540-2889,True,"Mediterranean, Greek",Mediterranean,2,Sin dato,False,False,False,25.7269438,-80.24058330000001,"2889 Mcfarlane Rd, Miami, FL 33133",Miami,FL,33133,US
51,9h9nMMvnINJWMt7TjJtePw,The Taco Stand,4.5,1727,4.49,$$,2,False,(786) 580-4948,True,Mexican,Mexican,1,"delivery, pickup",True,True,False,25.800782252405774,-80.20131579640305,"313 NW 25th St, Miami, FL 33127",Miami,FL,33127,US
52,IkTb-zHxAGNqeEvyTaln4g,Certo Italian Restaurant,4.7,427,4.63,$$,2,False,(305) 456-3200,True,"Italian, Pizza, Venues & Event Spaces",Italian,3,"delivery, pickup",True,True,False,25.75976,-80.28801,"1200 SW 57th Ave, Miami, FL 33144",Miami,FL,33144,US
53,79IaCcuoIGLQ-5jDMWjJLA,Dumplings Mi Amor,4.6,136,4.48,$$,2,True,Sin dato,False,"Dim Sum, Pan Asian",Dim Sum,2,Sin dato,False,False,False,25.773030138967897,-80.1901220238637,"119 SE 2nd Ave, Miami, FL 33131",Miami,FL,33131,US
54,RgL7D8-10fJk6aAPz9a0tg,Yamashiro Miami,4.2,71,4.26,$$,2,True,(786) 412-2791,True,"Asian Fusion, Sushi Bars, Japanese",Asian Fusion,3,Sin dato,False,False,False,25.78023492307733,-80.19107837435791,"159 NE 6th St, Fl 9, Miami, FL 33132",Miami,FL,33132,US
55,osJg1bKN96xGg9rIUsjLGA,Amal,4.1,380,4.14,$$$,3,False,(786) 369-0846,True,"Lebanese, Mediterranean, Arabic",Lebanese,3,Sin dato,False,False,False,25.72668,-80.24414,"3480 Main Hwy, Miami, FL 33133",Miami,FL,33133,US
56,wjTfEfdtzFZEbX6t7vC9JQ,Casa Juan Restaurant,3.9,297,4.0,$$,2,False,(305) 265-7595,True,"Latin American, Cuban",Latin American,2,"delivery, pickup",True,True,False,25.7781036,-80.2896741,"5755 NW 7th St, Miami, FL 33126",Miami,FL,33126,US
57,yE9omO1xk19uk9kzmgW9Ew,Motek Coral Gables,4.3,463,4.3,$$,2,True,(305) 396-8547,True,"Middle Eastern, Mediterranean, Sandwiches",Middle Eastern,3,"delivery, pickup",True,True,False,25.75006090457327,-80.2558081319749,"45 Miracle Mile, Miami, FL 33134",Miami,FL,33134,US
58,HwP03dX0nrAfhE8xLuMDyw,Cane Fire Grille,3.3,49,3.98,$$$,3,False,(305) 539-9925,True,"Latin American, Lounges, Caribbean",Latin American,3,delivery,True,False,False,25.783896,-80.2625051,"1201 NW Le Jeune Rd, Bldg A, Miami, FL 33126",Miami,FL,33126,US
59,4YdRkZ1PB6P_FJMu73fsXQ,Casa Xabi,4.3,77,4.3,$$,2,True,(786) 641-5102,True,"Basque, Bars",Basque,2,Sin dato,False,False,False,25.727513461409316,-80.24442009571662,"3145 Commodore Plz, Miami, FL 33133",Miami,FL,33133,US
60,OwF4aaSHwwhLRYmx270qoQ,Tacos El Carnal,4.1,334,4.15,$,1,False,(786) 203-4406,True,Tacos,Tacos,1,"delivery, pickup",True,True,False,25.76231,-80.29583,"6888 W Flagler St, Miami, FL 33144",Miami,FL,33144,US
61,rlPuSzNrVqjxuYAVh1zDPQ,Diced,4.4,595,4.39,$$,2,False,(786) 773-2190,True,"Fast Food, Salad, Juice Bars & Smoothies",Fast Food,3,"delivery, pickup",True,True,False,25.748811,-80.30386,"2342 SW 67th Ave, Miami, FL 33155",Miami,FL,33155,US
62,jnRWB2qPhiIi5jP_-6C1Jw,Red Rooster Overtown,4.1,1067,4.12,$$$,3,False,(305) 640-9880,True,"Cocktail Bars, New American, Desserts",Cocktail Bars,3,"delivery, pickup",True,True,False,25.783113432567287,-80.19815214505836,"920 NW 2nd Ave, Miami, FL 33136",Miami,FL,33136,US
63,Jjifi324EdbrMWSW2-ZcKQ,Homa Persian Cuisine,4.8,41,4.45,$$,2,True,(305) 252-2222,True,Persian/Iranian,Persian/Iranian,1,"delivery, pickup",True,True,False,25.746275,-80.221992,"2490 SW 17th Ave, Miami, FL 33145",Miami,FL,33145,US
64,1Blff5gcTYTbsNPA16m8nw,The Bistro,4.7,3,4.32,$$,2,True,(305) 858-2500,True,New American,New American,1,Sin dato,False,False,False,25.731428,-80.235954,"2649 S Bayshore Dr, Miami, FL 33133",Miami,FL,33133,US
65,pUg9rFqeiSIWcWUqri_47w,Sixty Vines,4.6,204,4.5,$$,2,True,(786) 607-7846,True,"New American, Breakfast & Brunch, Wine Bars",New American,3,Sin dato,False,False,False,25.781526,-80.191181,"150 NE 8th St., Ste 135, Miami, FL 33132",Miami,FL,33132,US
66,a8ilqHTLFJmFvFMzn_AbRA,La Bodeguita Espanola,4.0,11,4.28,$,1,False,(786) 899-0262,True,"Grocery, Tapas/Small Plates, Beer, Wine & Spirits",Grocery,4,Sin dato,False,False,False,25.75400676056545,-80.28787136685327,"1892 S Red Rd, Miami, FL 33155",Miami,FL,33155,US
67,vjtP6T-uOuF3ZVL88tKhYA,SOI Thai Street Food,4.8,50,4.47,$$,2,True,(786) 238-7813,True,Thai,Thai,1,"delivery, pickup",True,True,False,25.7685036,-80.3593149,"10016 W Flagler St, Miami, FL 33174",Miami,FL,33174,US
68,0FRl-hghB50Gw3CQnasq2Q,Braga Portuguese Restaurant,4.8,80,4.53,$$,2,True,(305) 392-0959,True,Portuguese,Portuguese,1,delivery,True,False,False,25.751148301114853,-80.21853935054354,"1401 SW 22nd St, Miami, FL 33145",Miami,FL,33145,US
69,yoqNKeW5kj9flZoI211v5w,Pinolandia,4.0,384,4.06,$,1,False,(305) 325-8663,True,"Latin American, Nicaraguan",Latin American,2,"delivery, pickup",True,True,False,25.77476,-80.2144299,"119 NW 12th Ave, Miami, FL 33128",Miami,FL,33128,US
70,XVHNF6zXA1IV052G7x48vA,Eating House,4.2,264,4.23,$$$,3,False,(786) 580-3745,True,"Beer, Wine & Spirits, American, Italian",Beer,4,Sin dato,False,False,False,25.751223156534692,-80.2574288326405,"128 Giralda Ave, Miami, FL 33134",Miami,FL,33134,US
71,vpMIsdom05-oOBeF6ajESg,Uchi Miami,4.7,701,4.65,$$$,3,False,(305) 995-0915,True,Japanese,Japanese,1,Sin dato,False,False,False,25.800591299540915,-80.20051500855185,"252 NW 25th St, Miami, FL 33127",Miami,FL,33127,US
72,nTsEr_CQqsA8zwLV4kT5nA,Cafe La Trova,4.4,1295,4.39,$$$,3,False,(786) 615-4379,True,"Cocktail Bars, Cuban, Venues & Event Spaces",Cocktail Bars,3,"delivery, pickup",True,True,False,25.7662659,-80.21063,"971 SW 8th St, Miami, FL 33130",Miami,FL,33130,US
73,hZ66PVSH6Miscv2n8KxAEg,Greenstreet Cafe,4.2,2681,4.2,$$,2,False,(305) 444-0244,True,"Breakfast & Brunch, American, Cocktail Bars",Breakfast & Brunch,3,delivery,True,False,False,25.72676,-80.24405,"3468 Main Hwy, Miami, FL 33133",Miami,FL,33133,US
74,SsIMtruy7PQXZZQx3Fs0vA,Cafe Versailles,3.9,417,3.98,$,1,False,(305) 441-2500,True,"Cuban, Cafes",Cuban,2,Sin dato,False,False,False,25.76507444085303,-80.25282474353001,"3555 SW 8th St, Miami, FL 33135",Miami,FL,33135,US
75,MxtjG2Oln03fQPbCkYPt5g,La Patagonia Argentina,4.2,434,4.22,$$,2,False,(305) 443-1668,True,"Latin American, Argentine",Latin American,2,delivery,True,False,False,25.778542,-80.274011,"4802 NW 7th St, Miami, FL 33126",Miami,FL,33126,US
76,zVCp5OmpE5Y_itQTALgBtg,Drinking Pig BBQ,4.2,56,4.27,$$,2,True,(786) 534-4244,True,Barbeque,Barbeque,1,Sin dato,False,False,False,25.727325,-80.24344,"3444 Main Hwy, Ste 16, Miami, FL 33133",Miami,FL,33133,US
77,krKmADOKM1KjVm4F0rL8lQ,Ghee Indian Kitchen,4.3,916,4.3,$$$,3,False,(305) 968-1850,True,Indian,Indian,1,delivery,True,False,False,25.68708,-80.3127675,"8965 SW 72nd Pl, Miami, FL 33156",Miami,FL,33156,US
78,t2wmQb6fCHXEXylvQ_b3lw,Carnicero Steakhouse,4.1,194,4.17,$$$,3,False,(786) 362-5600,True,Steakhouses,Steakhouses,1,Sin dato,False,False,False,25.7719163,-80.2575827,"3805 W Flagler St, Miami, FL 33134",Miami,FL,33134,US
79,4mmMeIIVKFwH6Zdm9Awbpw,Belly Fish,4.3,104,4.3,$$,2,False,(786) 550-6267,True,"Sushi Bars, Japanese, Seafood",Sushi Bars,3,Sin dato,False,False,False,25.73394497090103,-80.25557414688785,"3060 SW 37th Ave, Ste 104, Miami, FL 33133",Miami,FL,33133,US
80,xvXGIah0QVNj2uCF7xd2EA,Mint Beirut,4.7,85,4.49,$$,2,True,(305) 443-8664,True,"Mediterranean, Lebanese",Mediterranean,2,"delivery, pickup",True,True,False,25.771816,-80.264648,"4249 W Flagler St, Miami, FL 33126",Miami,FL,33126,US
81,AVhrvhjtFsvAtIxkIZClHA,Hereford Grill,4.1,153,4.18,$$$,3,False,(305) 974-7455,True,Steakhouses,Steakhouses,1,delivery,True,False,False,25.77914672946559,-80.265466883811,"782 NW 42nd Ave, Miami, FL 33126",Miami,FL,33126,US
82,zsJoDVfWfiA8pYMey2Ix2Q,The B100M,4.9,27,4.43,$$,2,True,(786) 542-5868,True,Food Court,Food Court,1,Sin dato,False,False,False,25.775815496512102,-80.18824559228811,"100 Biscayne Blvd, Ste 104, Miami, FL 33132",Miami,FL,33132,US
83,HWiC4uOCcQTjSiu_KAi1zw,Mangrove,4.6,103,4.46,$$,2,True,(305) 614-2736,True,"Caribbean, Cocktail Bars, Lounges",Caribbean,3,Sin dato,False,False,False,25.774113658037223,-80.19557929999999,"103 NW 1st Ave, Miami, FL 33128",Miami,FL,33128,US
84,15vmqRJwdFcGAx7g_EHvFg,Taqueria Los Potrillos,4.4,177,4.37,$$,2,False,(305) 456-2002,True,Mexican,Mexican,1,delivery,True,False,False,25.7790887849913,-80.2607780322433,"3937 NW 7th St, Miami, FL 33126",Miami,FL,33126,US
85,XAoeEKu6DvERPbEZu73m8g,Tavolo,5.0,2,4.32,$$,2,True,(305) 264-4888,True,"Modern European, Breakfast & Brunch, Sandwiches",Modern European,3,delivery,True,False,False,25.781137092176387,-80.29193862944774,"5800 Waterford District Dr, Miami, FL 33126",Miami,FL,33126,US
86,d881dT_RC64MOjXgH3fVuA,Latin Cafe 2000,3.6,649,3.69,$$,2,False,(305) 642-4700,True,"Latin American, Cuban",Latin American,2,"delivery, pickup",True,True,False,25.78029,-80.26372,"875 NW 42nd Ave, Miami, FL 33126",Miami,FL,33126,US
87,9PEF_qX-3FU4iMmKgk98eA,Taqueria Viva México,4.4,537,4.39,$,1,False,(786) 360-2214,True,Mexican,Mexican,1,"delivery, pickup",True,True,False,25.765025,-80.237216,"2516 SW 8th St, Miami, FL 33135",Miami,FL,33135,US
88,qcJR_IqnKz3AJituEd8i1Q,Sweet Dogs,4.7,759,4.65,$,1,False,(305) 448-4900,True,"Hot Dogs, American, Popcorn Shops",Hot Dogs,3,pickup,False,True,False,25.7644024,-80.27262868926077,"4749 SW 8th St, Miami, FL 33134",Miami,FL,33134,US
89,6LbVL8LOVJGpytjzi4OkNw,Atchana's Homegrown Thai,4.4,391,4.38,$$,2,False,(305) 774-0404,True,Thai,Thai,1,"delivery, pickup",True,True,False,25.7278220860767,-80.2451561763883,"3194 Commodore Plz, Miami, FL 33133",Miami,FL,33133,US
90,Bs2wZRwOxbiMfS_HYHLc3w,Ossobuco Miami- Steak house,4.6,149,4.48,$$$,3,True,(305) 339-1166,True,"Steakhouses, Modern European, Seafood",Steakhouses,3,Sin dato,False,False,False,25.802079562436138,-80.19629606283328,"62 NW 27th St, Miami, FL 33127",Miami,FL,33127,US
91,7nCH2ojnZh7qAfB0QPb2-w,Slab Daddy Barbecue,4.4,51,4.34,$$,2,True,(305) 982-7415,True,Barbeque,Barbeque,1,Sin dato,False,False,False,25.795484204546028,-80.2088363,"795 NW 20th St, Miami, FL 33127",Miami,FL,33127,US
92,IGRrxE67NkYm3GnegZ3YWQ,Catch Of The Day,3.6,737,3.68,$$,2,False,(305) 446-4500,True,"Seafood, Live/Raw Food, Sports Bars",Seafood,3,delivery,True,False,False,25.78224,-80.26442,"1050 NW 42nd Ave, Miami, FL 33126",Miami,FL,33126,US
93,07EtzVkziCory7__msq7oQ,Chug's Diner,3.9,644,3.95,$$,2,False,(786) 353-2940,True,"Cuban, Diners, Caribbean",Cuban,3,delivery,True,False,False,25.727446967129996,-80.24317518063626,"3444 Main Hwy, Ste 21, Miami, FL 33133",Miami,FL,33133,US
94,M9QsnSNGdOzBqpGE0lcCaA,Krüs Kitchen,4.3,95,4.3,$$,2,True,(786) 518-3998,True,New American,New American,1,pickup,False,True,False,25.7275933,-80.2426078,"3413 Main Hwy, Miami, FL 33133",Miami,FL,33133,US
95,slvV-dnTf2HCi2JgDjjWdg,Guys Burger Joint,4.3,6,4.31,$,1,False,Sin dato,False,Burgers,Burgers,1,Sin dato,False,False,False,25.7788729807323,-80.1775033134918,"Port of Miami, Miami, FL 33132",Miami,FL,33132,US
96,l9cOs1k4BMGHIbKCQJQ8rg,Cotoletta,4.6,70,4.43,$$,2,True,(786) 409-7151,True,"Salad, Italian",Salad,2,Sin dato,False,False,False,25.727764,-80.245421,"3206 Grand Ave, Miami, FL 33133",Miami,FL,33133,US
97,XxQ-z1_U5ByzAn6IuYy4aA,Meraki Greek Bistro,4.2,420,4.22,$$,2,False,(786) 254-7079,True,"Greek, Seafood, Beer, Wine & Spirits",Greek,4,pickup,False,True,False,25.7270587,-80.24368423,"3462 Main Hwy, Miami, FL 33133",Miami,FL,33133,US
98,gosIrtHXK9sgKEyhu6j_zQ,CHIMBA,4.5,128,4.41,$$,2,True,(786) 558-5898,True,"Latin American, Cocktail Bars, Argentine",Latin American,3,"delivery, pickup",True,True,False,25.8038,-80.19136,"2830 NE 2nd Ave, Miami, FL 33137",Miami,FL,33137,US
99,sWSzsElqCo-HHO_LUJWhow,Serafina,4.1,35,4.25,$$,2,True,(305) 902-1851,True,"Bars, Italian",Bars,2,Sin dato,False,False,False,25.78100518205526,-80.1913518692783,"652 NE 2nd Ave, Miami, FL 33132",Miami,FL,33132,US
100,KXv8dsRBmOmGwRTqX_Rr8A,Ariete,4.0,742,4.04,$$$$,4,False,(305) 640-5862,True,"New American, Bars",New American,2,pickup,False,True,False,25.7251094,-80.2453951,"3540 Main Hwy, Miami, FL 33133",Miami,FL,33133,US
101,jOPPqsJ7TJQyix3nsDuIlw,Urbano Cucina Italiana,4.4,97,4.35,$$,2,False,(305) 266-1355,True,Italian,Italian,1,Sin dato,False,False,False,25.7781048,-80.2896454,"5749 NW 7th St, Miami, FL 33126",Miami,FL,33126,US
102,LAGUcnPAa8ByFqq7J4WNjQ,La Camaronera Seafood Joint & Fish Market,4.1,1024,4.12,$$,2,False,(305) 642-3322,True,"Seafood, Seafood Markets, Food Stands",Seafood,3,"delivery, pickup",True,True,False,25.7725377,-80.2277893,"1952 W Flagler St, Miami, FL 33135",Miami,FL,33135,US
103,VQhQ0LI3r9T_PHJvAeyp0Q,Blue Elephant,4.5,157,4.42,$$,2,False,(786) 534-5355,True,Thai,Thai,1,"delivery, pickup",True,True,False,25.73265,-80.33117,"8384 SW 40th St, Miami, FL 33155",Miami,FL,33155,US
104,tSJNc25EKw2GxGM6Mm9Ztg,Casa Lucas Restaurant,5.0,1,4.31,$$,2,True,(786) 534-4109,True,Spanish,Spanish,1,Sin dato,False,False,False,25.761521176971645,-80.325271,"7950 SW 8th St, Miami, FL 33144",Miami,FL,33144,US
105,2eIez2Q7S8-btrCf5hXXaQ,La Granja,4.0,112,4.14,$$,2,False,(305) 642-4516,True,"Peruvian, Desserts, Seafood",Peruvian,3,"delivery, pickup",True,True,False,25.78309715626249,-80.26368865119036,"1199 NW 42nd Ave, Miami, FL 33126",Miami,FL,33126,US
106,bh-6ZP9GIr36mP5U7UCuxQ,Fritanga El Triunfo,5.0,1,4.31,$$,2,True,(786) 736-1137,True,Nicaraguan,Nicaraguan,1,Sin dato,False,False,False,25.771694747662053,-80.23036669999999,"2175 SW 1st St, Miami, FL 33135",Miami,FL,33135,US
107,Z4_MkMLc_CA4kkAYOj5EzA,Pastis Miami,4.4,395,4.38,$$$$,4,True,(305) 686-3050,True,French,French,1,Sin dato,False,False,False,25.8011472,-80.2019445,"380 NW 26th St, Miami, FL 33127",Miami,FL,33127,US
108,5Rq4O0gzalOQ79NenZUyqg,Tinta y Café,4.3,1089,4.3,$$,2,False,(305) 285-0101,True,"Coffee & Tea, Cuban, Sandwiches",Coffee & Tea,3,"delivery, pickup",True,True,False,25.7592231998562,-80.2586163778576,"1315 Ponce De Leon Blvd, Miami, FL 33134",Miami,FL,33134,US
109,_VXHJo6EeSHVH-EqF8CpMQ,The Gibson Room,4.0,110,4.15,$$,2,True,(305) 570-4311,True,New American,New American,1,Sin dato,False,False,False,25.75031,-80.2307,"2224 SW 22nd St, Miami, FL 33145",Miami,FL,33145,US
110,uyaz8BMIp2n7lhSpjZ8quA,L'Atelier de Joel Robuchon,4.2,207,4.23,$$$$,4,False,(305) 402-9070,True,French,French,1,delivery,True,False,False,25.814314,-80.1924526,"151 NE 41st, Ste 235, Miami, FL 33137",Miami,FL,33137,US
111,LB-ikckbQIHkf-6lAPu0nw,Eight Bar,4.4,34,4.33,$$,2,True,Sin dato,False,"American, Cocktail Bars",American,2,Sin dato,False,False,False,25.7808,-80.192,"699 NE 1st Ave, Miami, FL 33132",Miami,FL,33132,US
112,C0oehMtQSl_JOKWIX6ORzQ,Ristorante Fratelli Milano,4.4,1423,4.39,$$,2,False,(305) 373-2300,True,Italian,Italian,1,"delivery, pickup",True,True,False,25.7734433,-80.1898863,"213 SE 1st St, Miami, FL 33131",Miami,FL,33131,US
113,dwHtZFNaxq62OUVG9FxndA,Jaguar Restaurant - Coconut Grove,4.1,1204,4.12,$$,2,False,(305) 444-0216,True,"Latin American, Peruvian, Mexican",Latin American,3,"delivery, pickup",True,True,False,25.72829653789666,-80.2428111401923,"3067 Grand Ave, Miami, FL 33133",Miami,FL,33133,US
114,ZPrrMX0n6INLmlnJ9Nu_oQ,Madrid Tapas Y Vinos,4.0,349,4.07,$$,2,False,(786) 391-2471,True,"Spanish, Seafood, Tapas Bars",Spanish,3,"delivery, pickup",True,True,False,25.7775426223252,-80.2637512404755,"525 NW 42nd Ave, Miami, FL 33126",Miami,FL,33126,US
115,snJPBuR3TtYfapCHuZWsOQ,Manjay Restaurant,4.4,171,4.37,$$,2,False,(305) 908-3849,True,Caribbean,Caribbean,1,"delivery, pickup",True,True,False,25.851947,-80.19344,"8300 NE 2nd Ave, Miami, FL 33138",Miami,FL,33138,US
116,E3ReCbRJl7dDf1K_ZIznSw,Cafe L'Artisan,4.5,2,4.31,$$,2,True,(305) 269-1996,True,Cafes,Cafes,1,Sin dato,False,False,False,25.77981,-80.29596,"701 NW 62nd Ave, Ste 120, Miami, FL 33126",Miami,FL,33126,US
117,FlwH8ubnK7rBYJaqAyr6fA,Ventanas Restaurant Bar & Lounge,4.1,11,4.29,$$,2,False,(786) 353-9460,True,"Latin American, Bars",Latin American,2,delivery,True,False,False,25.735223,-80.257644,"3861 SW 40th St, Miami, FL 33146",Miami,FL,33146,US
118,8_cuODO8G0yuzQO_fRW5kA,Toro Toro,4.2,1429,4.21,$$$,3,False,(305) 372-4710,True,"Steakhouses, Tapas Bars, Cocktail Bars",Steakhouses,3,"delivery, pickup",True,True,False,25.772572,-80.185336,"100 Chopin Plz, Miami, FL 33131",Miami,FL,33131,US
119,icKTH2PWMX2kbgGXkSHYow,Tacos 19,5.0,23,4.44,$$,2,True,(786) 856-6312,True,"Mexican, Food Trucks",Mexican,2,Sin dato,False,False,False,25.757851409148767,-80.30829409352302,"1325 SW 70th Ave, Miami, FL 33144",Miami,FL,33144,US
120,dYilRUDRuLck9_oC36O8DA,Le Parc Cafe,4.3,77,4.3,$$,2,False,(305) 722-8785,True,"Coffee & Tea, Breakfast & Brunch, Cafes",Coffee & Tea,3,"delivery, pickup",True,True,False,25.752923042166735,-80.27449089999999,"997 N Greenway Dr, Coral Gables Golf & Country Club, Miami, FL 33134",Miami,FL,33134,US
121,wCmM7JcQ6UVgHRvjH9_ebA,Rickenbacker Restaurant,3.5,36,4.09,$$,2,False,(305) 871-3800,True,New American,New American,1,delivery,True,False,False,25.79453,-80.25954,"3900 NW 21st St, Inside of the Sheraton Miami Airport, Miami, FL 33142",Miami,FL,33142,US
122,8cFtrhGR1jfM5dbJwPm9nw,No manches que rico,4.0,196,4.1,$$,2,False,(786) 229-0002,True,Tacos,Tacos,1,"delivery, pickup",True,True,False,25.76314000250607,-80.2963473,"6212 SW 8th St, Miami, FL 33155",Miami,FL,33155,US
123,zeD0dnP6grNMgO43Q5SlGg,Charlatam,5.0,8,4.36,$$,2,True,(786) 452-0126,True,Latin American,Latin American,1,Sin dato,False,False,False,25.75536,-80.207567,"2525 SW 3rd Ave, Ste cu2, Miami, FL 33129",Miami,FL,33129,US
124,Kvr6dEn6ZLfH8--kiaclwA,DCG - District Chicken & Gyro,4.6,48,4.4,$$,2,True,Sin dato,False,"Chicken Shop, Halal",Chicken Shop,2,"delivery, pickup",True,True,False,25.76612370872205,-80.19379679999999,"26 SW 8th St, Fl 1, Miami, FL 33130",Miami,FL,33130,US
125,go0lJ37XDIoKO-TxJmRJSQ,Tam Tam,4.4,229,4.37,$$$,3,False,(786) 933-6378,True,"Vietnamese, Wine Bars, Seafood",Vietnamese,3,Sin dato,False,False,False,25.775220505881222,-80.19508642120888,"99 NW 1st St, Miami, FL 33128",Miami,FL,33128,US
126,-fCMdb5Rfc0oTOWBnW9RSA,La Rosa Fine Cuban Cuisine,4.1,537,4.13,$$,2,False,(305) 541-1715,True,"Cuban, Bars, Steakhouses",Cuban,3,pickup,False,True,False,25.779044,-80.262671,"4041 NW 7th St, Miami, FL 33126",Miami,FL,33126,US
127,bcjpKKj5cnfg8fvmMeVyfw,Fooq's,4.7,17,4.36,$$,2,True,(786) 214-9076,True,Mediterranean,Mediterranean,1,Sin dato,False,False,False,25.8419927,-80.1991753,"150 NW 73rd St, Miami, FL 33150",Miami,FL,33150,US
128,bUAxNjDUfuXliayLcrZM2A,World Famous House of Mac,4.2,1497,4.21,$$,2,False,(786) 636-6967,True,"Soul Food, Chicken Wings, Pizza",Soul Food,3,"delivery, pickup",True,True,False,25.794833670759388,-80.20686298614746,"1951 NW 7th Ave, Ste 190, Miami, FL 33136",Miami,FL,33136,US
129,7vfXSyGcwevo-u8fzo9Ddg,Si Papa,4.1,34,4.25,$$,2,False,Sin dato,False,Italian,Italian,1,Sin dato,False,False,False,25.72779003037931,-80.24506354498811,"3190 Commodore Plz, Miami, FL 33133",Miami,FL,33133,US
130,ZYdNJXIpa4PJI4yUFFpSKQ,Giovanni's Ristorante,4.6,220,4.51,$$,2,False,(305) 262-6966,True,"Italian, Argentine",Italian,2,delivery,True,False,False,25.760843,-80.3344,"8522 SW 8th St, Miami, FL 33144",Miami,FL,33144,US
131,FsxeioKuJn80mYzvNcgj3g,El Ñaño Miami,4.2,13,4.29,$$,2,True,635 18 17 71,True,"Spanish, Latin American",Spanish,2,Sin dato,False,False,False,25.74972,-80.26156,"339 Miracle Mile, Miami, FL 33134",Miami,FL,33134,US
132,cD6Qe1U1YXFgzOqo4Wn4Hw,Baiablu Italian Restaurant,4.7,61,4.46,$$,2,True,(786) 885-2242,True,"Salad, Italian, Seafood",Salad,3,"delivery, pickup, restaurant_reservation",True,True,True,25.72758034870118,-80.2450332,"3176 Commodore Plz, Miami, FL 33133",Miami,FL,33133,US
133,2SJpb38UqPLwfMukVG8NKg,The Mediterranean Kitchen,4.3,8,4.31,$$,2,True,(305) 869-3387,True,Mediterranean,Mediterranean,1,Sin dato,False,False,False,25.796845,-80.276198,"2100 NW 42nd Ave, Miami, FL 33126",Miami,FL,33126,US
134,3DQXvYDqwwbWDD8E98zk4A,Osaka,4.4,312,4.38,$$$$,4,False,(786) 627-4800,True,"Japanese, Sushi Bars",Japanese,2,"delivery, pickup",True,True,False,25.76037,-80.19033,"1300 Brickell Bay Dr, Miami, FL 33131",Miami,FL,33131,US
135,FC1HGH4fr6UbK4s0K54Asg,B Bistro + Bakery,4.4,1213,4.39,$$,2,False,(305) 330-6310,True,"Bakeries, Breakfast & Brunch, New American",Bakeries,3,"delivery, pickup",True,True,False,25.767529000000025,-80.19103729999999,"600 Brickell Ave, Ste 175, Miami, FL 33131",Miami,FL,33131,US
136,xoJaSxGkTmIIO3_iwqO4wQ,Herb N’ Kitchen,4.0,6,4.29,$$,2,True,Sin dato,False,"Convenience Stores, Breakfast & Brunch, Coffee & Tea",Convenience Stores,3,Sin dato,False,False,False,25.782184862505197,-80.27869257724802,"5101 Blue Lagoon Dr, Miami, FL 33126",Miami,FL,33126,US
137,4n41-oMwI6Th5qB8wq47Bw,La Carreta Cafe,3.7,73,4.05,$$,2,False,Sin dato,False,Cuban,Cuban,1,Sin dato,False,False,False,25.79773704807633,-80.28151831600958,"2100 NW 42nd Ave, Concourse D-37, Miami, FL 33126",Miami,FL,33126,US
138,ylA34pU7W8Nx7Di0jVCz9A,Ocean Cafe,4.7,3,4.32,$$,2,False,(305) 444-1040,True,"Delis, Burgers, Sandwiches",Delis,3,"delivery, pickup",True,True,False,25.7794393,-80.26538269999999,"782 NW 42nd Ave, Fl 3, Miami, FL 33126",Miami,FL,33126,US
139,s9-OFJrBridRA7yYZ-5g3g,Bored Cuban,4.2,121,4.25,$$,2,False,(305) 642-0323,True,"Cuban, Desserts, Acai Bowls",Cuban,3,Sin dato,False,False,False,25.77965,-80.26363,"831 NW 42nd Ave, Miami, FL 33126",Miami,FL,33126,US
140,if7FnLvTPz5NvjkQR6Li5g,Mastro's Ocean Club,4.4,102,4.35,$$,2,True,(786) 917-2031,True,"Seafood, Steakhouses",Seafood,2,"delivery, pickup",True,True,False,25.7712809,-80.1869739,"315 S Biscayne Blvd 100, Ste 100, Miami, FL 33131",Miami,FL,33131,US
141,HPPAmA73Xdb_5EKJHD18Ww,TITTS Chicken,4.5,35,4.36,$$,2,True,(786) 640-3910,True,Chicken Shop,Chicken Shop,1,Sin dato,False,False,False,25.76198747666619,-80.19361641225639,"1250 S Miami Ave, Miami, FL 33130",Miami,FL,33130,US
142,iveHdir91AAE5tZiSgIe7g,Peppi’s Steaks & Hoagie’s,4.1,7,4.29,$$,2,True,Sin dato,False,"Cheesesteaks, Sandwiches",Cheesesteaks,2,Sin dato,False,False,False,25.779684444352085,-80.1956887748537,"550 NW 1st Ave, Ste 240, Miami, FL 33136",Miami,FL,33136,US
143,7zi35PQGV0jnoM7NwHWd-w,Klaw Miami,4.4,437,4.38,$$$$,4,False,(305) 239-2523,True,"Steakhouses, Seafood, Bars",Steakhouses,3,Sin dato,False,False,False,25.792143,-80.185898,"1737 N Bayshore Dr, Miami, FL 33132",Miami,FL,33132,US
144,hWrr6NgHsPN-ah0DSBsVQw,Islas Del Caribe Restaurant,4.1,26,4.26,$,1,False,(786) 542-0205,True,"Seafood, Honduran, Breakfast & Brunch",Seafood,3,delivery,True,False,False,25.77184,-80.2646199,"4239 W Flagler St, Miami, FL 33134",Miami,FL,33134,US
145,6F_9_I63Gr10_6JUyZs6nQ,Narbona Coconut Grove,4.1,271,4.16,$$,2,False,(305) 982-8232,True,"Wine Bars, Breakfast & Brunch, Poke",Wine Bars,3,Sin dato,False,False,False,25.728971395927942,-80.24197699999999,"3015 Grand Ave, Ste 116, Miami, FL 33133",Miami,FL,33133,US
146,RHeKcqEpV72fnUDUfjBFdg,Pastelmania Bakery,4.8,112,4.57,$,1,False,(305) 541-3675,True,"Latin American, Breakfast & Brunch",Latin American,2,Sin dato,False,False,False,25.7729607,-80.2285614,"2015 W Flagler St, Miami, FL 33126",Miami,FL,33126,US
147,p9muUUiYGkLIr5atn5i2LA,Habibi Miami,2.9,78,3.69,$$,2,True,(786) 883-2800,True,"Mediterranean, Lounges, Arabic",Mediterranean,3,Sin dato,False,False,False,25.7778707,-80.20529396284643,"452 NW North River Dr, Miami, FL 33128",Miami,FL,33128,US
148,n6xaLebNjh8sYiYh89gdEQ,Komodo Miami,3.9,2612,3.91,$$$$,4,False,(305) 534-2211,True,"Asian Fusion, Cocktail Bars",Asian Fusion,2,delivery,True,False,False,25.765620189138485,-80.190062945046,"801 Brickell Ave, Miami, FL 33131",Miami,FL,33131,US
149,G7sq7f6Zqn5QsB7ShV29AA,Café Laurel,4.5,98,4.4,$$$$,4,True,(305) 330-9048,True,"French, Breakfast & Brunch, Burgers",French,3,Sin dato,False,False,False,25.780823616241143,-80.1923532,"698 NE 1st Ave, G-170, Miami, FL 33132",Miami,FL,33132,US
150,x9AjrNAXK2H8MNeklHp9Qw,Paseo Catracho,4.2,77,4.26,$,1,False,(305) 441-9391,True,Latin American,Latin American,1,delivery,True,False,False,25.778421,-80.273284,"4750 NW 7th St, Miami, FL 33126",Miami,FL,33126,US
151,IEHCi2Os2NrAnSlJPxKA2A,Bone Marrow Soup,5.0,2,4.32,$$,2,True,(305) 507-5547,True,Soup,Soup,1,Sin dato,False,False,False,25.72631,-80.31733,"4708 SW 75th Ave, Miami, FL 33155",Miami,FL,33155,US
152,H6KWK8GNk9bxUsjOOgHW1Q,Duffy's Tavern,3.8,257,3.94,$$,2,False,(305) 264-6580,True,"Bars, Burgers",Bars,2,pickup,False,True,False,25.7511641166699,-80.2875455514379,"2108 SW 57th Ave, Miami, FL 33155",Miami,FL,33155,US
153,Vfg66BjkL7dwWVS2aXUS8w,The Brightside,4.8,122,4.58,$$,2,False,(786) 558-4351,True,"Bars, Desserts, Sandwiches",Bars,3,"delivery, pickup",True,True,False,25.75106306843526,-80.22250558632564,"1721 SW 22nd St, Miami, FL 33145",Miami,FL,33145,US
154,eo2W_Hakq3SVGUsUSBHvGw,1-800-Lucky,4.1,1691,4.11,$$,2,False,(305) 768-9826,True,"Asian Fusion, Bars, Karaoke",Asian Fusion,3,delivery,True,False,False,25.79931,-80.198,"143 NW 23rd St, Miami, FL 33127",Miami,FL,33127,US
155,JYFUBml_kne5X-4rQVt7-g,Fonda Sabaneta,5.0,1,4.31,$$,2,True,(786) 615-5595,True,"Colombian, Cocktail Bars",Colombian,2,Sin dato,False,False,False,25.7660954848961,-80.2129928,"1101 SW 8th St, Miami, FL 33130",Miami,FL,33130,US
156,oxavRbReVd34pQjyBn14Vg,Eloise & Earnestine Soul Food,4.3,47,4.3,$$,2,True,(305) 687-7774,True,Soul Food,Soul Food,1,delivery,True,False,False,25.836011,-80.241088,"6781 NW 27th Ave, Miami, FL 33147",Miami,FL,33147,US
157,GJO03E6tUJjLFtvx4uoZSA,Doya,4.2,612,4.21,$$$,3,False,(305) 501-2848,True,"Turkish, Mediterranean, Greek",Turkish,3,delivery,True,False,False,25.8002094367749,-80.20144899999939,"347 NW 24th St, Miami, FL 33127",Miami,FL,33127,US
158,E1kKPa8V-DuKoV0PulDH-A,Rincon Criollo Restaurant,3.7,239,3.88,$$,2,False,(305) 871-7755,True,Cuban,Cuban,1,"delivery, pickup",True,True,False,25.799974,-80.259765,"2601 NW 39th Ave, Miami, FL 33142",Miami,FL,33142,US
159,xjA66W-FXlSc1kSYKGaADg,Maiz y Agave,3.9,465,3.97,$$$,3,False,Sin dato,False,Mexican,Mexican,1,Sin dato,False,False,False,25.74969,-80.26233,"375 Miracle Mile, Miami, FL 33134",Miami,FL,33134,US
160,nvwXcXSSNoV7FDWvYi_OKA,Mandolin Aegean Bistro,4.3,2566,4.3,$$,2,False,(305) 749-9140,True,"Mediterranean, Greek, Turkish",Mediterranean,3,"delivery, pickup",True,True,False,25.815960646211337,-80.19164751387174,"4312 NE 2nd Ave, Miami, FL 33137",Miami,FL,33137,US
161,owu3ufM0B_sFgh-aVsLO4g,Manta Wynwood,4.4,312,4.38,$$$,3,False,(786) 932-4678,True,Peruvian,Peruvian,1,delivery,True,False,False,25.800567,-80.197097,"102 NW 25th St, Miami, FL 33127",Miami,FL,33127,US
162,uu1L8C1bb1woOw8ebKNZkQ,Mary’s Cafe & Coin Laundry,4.1,268,4.16,$,1,False,(305) 443-6672,True,"Cuban, Laundromat, Coffee & Tea",Cuban,3,delivery,True,False,False,25.74446,-80.2383399,"2542 SW 27th Ave, Miami, FL 33133",Miami,FL,33133,US
163,wWC-EP1A2rPmDOKJaU5v4w,John Martin's,3.9,179,4.05,$$,2,False,(305) 209-0609,True,"Irish, Irish Pub",Irish,2,Sin dato,False,False,False,25.74983,-80.25978,"253 Miracle Mile, Miami, FL 33134",Miami,FL,33134,US
164,SQ66LPHvqbOcEdDY50XjCw,2 Korean Girls,4.1,87,4.21,$$$$,4,True,Sin dato,False,"Korean, Vegan, Food Delivery Services",Korean,3,Sin dato,False,False,False,25.813248515806286,-80.20557691167777,"Miami, FL 33127",Miami,FL,33127,US
165,wik7B9NqYB2_q3Ublmbkew,The Lasagna Shop,5.0,1,4.31,$$,2,True,(786) 878-0653,True,"Italian, Caterers, Comfort Food",Italian,3,Sin dato,False,False,False,25.74219,-80.31035,"7143 N Waterway Dr, Miami, FL 33155",Miami,FL,33155,US
166,_reA2qDZP0H5UmbP5-E97Q,Mayu,4.6,99,4.45,$$,2,True,(305) 860-1426,True,Peruvian,Peruvian,1,"delivery, pickup",True,True,False,25.76746261,-80.1969397,"177 SW 7th St, Miami, FL 33130",Miami,FL,33130,US
167,EifxMstpnQLYqBzGQ4DFRQ,D’Pura Cepa,4.3,13,4.31,$$,2,True,(787) 393-7088,True,Puerto Rican,Puerto Rican,1,Sin dato,False,False,False,25.754151872023467,-80.20722110403176,"2600 SW 2nd Ave, Miami, FL 33129",Miami,FL,33129,US
168,lA0pZRdywCObvwp2In7O7Q,Mayami Wynwood,3.1,747,3.24,$$$,3,False,(786) 660-1341,True,"Mexican, Cocktail Bars",Mexican,2,"delivery, pickup, restaurant_reservation",True,True,True,25.79933630371411,-80.1976713,"127 NW 23rd St, Miami, FL 33127",Miami,FL,33127,US
169,ytb24iUXCaophnrZ7jtU6w,Manila Kantina,4.9,95,4.6,$$,2,False,(786) 534-8277,True,"Filipino, Breakfast & Brunch, Asian Fusion",Filipino,3,"delivery, pickup",True,True,False,25.7744277357264,-80.189323626485,"245 E Flagler St, Miami, FL 33131",Miami,FL,33131,US
170,-QtB-fGXYKdaEQySVO28wg,Dirty French Steakhouse,4.1,268,4.16,$$$$,4,False,(212) 254-3000,True,"French, Steakhouses",French,2,Sin dato,False,False,False,25.76208,-80.1925,"1200 Brickell Ave, Miami, FL 33131",Miami,FL,33131,US
171,HlYMHwB3vlOGvkm7RA_vMQ,Isabelle's Grill Room and Garden,3.7,71,4.05,$$,2,True,(305) 644-4680,True,New American,New American,1,delivery,True,False,False,25.73060899592036,-80.23803449161768,"3330 SW 27th Ave, Miami, FL 33133",Miami,FL,33133,US
172,Wy-J_av7_SUm7AuXp_ieUw,Breadman Miami,4.5,246,4.44,$,1,False,(305) 265-1348,True,"Bakeries, Sandwiches, Breakfast & Brunch",Bakeries,3,"delivery, pickup",True,True,False,25.7618704668318,-80.3266456998574,"8100 SW 8th St, Miami, FL 33144",Miami,FL,33144,US
173,i-fgz6ZbZ4D1uqeKa76xmw,Pho 79,4.1,963,4.12,$$,2,False,(305) 603-7222,True,"Vietnamese, Noodles, Bubble Tea",Vietnamese,3,"delivery, pickup",True,True,False,25.756192,-80.366591,"1415 SW 107th Ave, Miami, FL 33174",Miami,FL,33174,US
174,xbP0RbYjeBeaey8vaZWwGA,The Greek Street,3.7,3,4.29,$$,2,True,Sin dato,False,"Greek, Mediterranean",Greek,2,Sin dato,False,False,False,25.731804678814296,-80.3070565,"6970 SW 40th St, Miami, FL 33155",Miami,FL,33155,US
175,-vIOvnJhvEfWfUZeobqGqQ,Majestic Portuguese Bakehouse,4.3,197,4.3,$$,2,False,(786) 294-0833,True,"Portuguese, Bakeries, Desserts",Portuguese,3,delivery,True,False,False,25.749701,-80.2486254,"3340 Coral Way, Miami, FL 33145",Miami,FL,33145,US
176,A5eRH3hfyWQeNOsEu_0dag,Ophelia,4.8,52,4.47,$,1,True,Sin dato,False,"Bakeries, Coffee & Tea, Breakfast & Brunch",Bakeries,3,Sin dato,False,False,False,25.74314169400243,-80.22850297639151,"2140 S Dixie Hwy, Miami, FL 33133",Miami,FL,33133,US
177,byXml8ucI-z68JnV7aFpTg,China Express,4.1,192,4.17,$,1,False,(305) 639-8281,True,Chinese,Chinese,1,"delivery, pickup",True,True,False,25.77057,-80.28882,"5748 W Flagler St, Miami, FL 33144",Miami,FL,33144,US
178,ge_qcHpQLvcicbMbiUxFSw,La Vasca Deli,4.6,38,4.39,$$,2,True,(786) 334-0873,True,"Delis, Beer, Wine & Spirits, Spanish",Delis,4,pickup,False,True,False,25.76509,-80.25133,"3407 SW 8th St, Miami, FL 33135",Miami,FL,33135,US
179,Fri7JhawKb09bKepStcTBw,Yambo Restaurant,3.6,483,3.72,$$,2,False,(305) 649-0203,True,"Latin American, Nicaraguan",Latin American,2,"delivery, pickup",True,True,False,25.7725542480094,-80.2223160649429,"1643 SW 1st St, Miami, FL 33135",Miami,FL,33135,US
180,Eps1ODuzyLswPNE1xExf8Q,Modern Garden,3.6,8,4.25,$$$$,4,False,(305) 440-4200,True,"Mediterranean, Brasseries",Mediterranean,2,delivery,True,False,False,25.77767,-80.2046,"422 NW N River Dr, Miami, FL 33128",Miami,FL,33128,US
181,O3lB3-6MTlQ2sWJsseMjxQ,House of Birds & Drop Biscuits,5.0,4,4.33,$$,2,True,Sin dato,False,"Chicken Shop, Salad, Sandwiches",Chicken Shop,3,Sin dato,False,False,False,25.72778056,-80.23426395,"3415 Pan American Dr, Miami, FL 33133",Miami,FL,33133,US
182,rotNnhymUbXhXz-WRXlXvg,Maria's Greek Restaurant,4.1,359,4.14,$$,2,False,(305) 856-0938,True,"Greek, Mediterranean",Greek,2,"delivery, pickup",True,True,False,25.7506828,-80.2333412,"2359 Coral Way, Miami, FL 33145",Miami,FL,33145,US
183,EIBlB2UCGMSizEoDbUZKKw,DoubleShot tapas and Burger Bar,2.6,15,4.08,$$,2,False,(305) 261-3800,True,"Burgers, Tapas Bars",Burgers,2,"delivery, pickup",True,True,False,25.77692456402972,-80.31146471430954,"711 NW 72nd Ave, Miami, FL 33126",Miami,FL,33126,US
184,XkNwu6onOHtFWk3BNsLjaA,1986 Steakhouse,4.0,1,4.3,$$$,3,True,(786) 542-9845,True,"Steakhouses, Cocktail Bars",Steakhouses,2,Sin dato,False,False,False,25.728955918095625,-80.24051419999999,"2911 Grand Ave, Ste 111, Miami, FL 33133",Miami,FL,33133,US
185,1rX82reZNlMuWTzSOm6l9Q,Miami Food Court,4.0,1,4.3,$$,2,True,(305) 576-9412,True,Food Court,Food Court,1,Sin dato,False,False,False,25.795471,-80.20594,"643 NW 20th St, Miami, FL 33127",Miami,FL,33127,US
186,4JHfdpdUKUi2lygKWTMCYA,Sala'o Cuban Restaurant & Bar,4.1,515,4.13,$$,2,False,(305) 642-8989,True,"Cuban, Cocktail Bars, Venues & Event Spaces",Cuban,3,Sin dato,False,False,False,25.765507,-80.221454,"1642 SW 8th St, Miami, FL 33135",Miami,FL,33135,US
